team,jersey,name,position,class,height,previous_schools
UC Riverside Highlanders,0,De'Undrae Perteete Jr.,G,Jr.,6-5,Westmont
UC Riverside Highlanders,1,Tony Duckett,G,Jr.,6-4,Saint Mary's
UC Riverside Highlanders,3,Dallas Washington,F,So.,6-10,Long Beach State
UC Riverside Highlanders,5,James Evans Jr.,G,RS So.,6-6,CSUN
UC Riverside Highlanders,7,Parker Strauss,G,RS Jr.,6-4,Northwestern
UC Riverside Highlanders,8,Tyus Parrish-Tillman,F,RS Sr.,6-8,Biola
UC Riverside Highlanders,10,Brayden Harris,G,Fr.,6-6,
UC Riverside Highlanders,12,Devon Malcolm,G,Gr.,6-5,CBU
UC Riverside Highlanders,13,Ben Waller,G,So.,6-6,
UC Riverside Highlanders,15,Abraham Oyeadier,C,RS So.,6-9,West Virginia
UC Riverside Highlanders,23,Jacob Majok,F,Fr.,6-7,
UC Riverside Highlanders,24,Easton Reagan,G,RS Sr.,6-5,Northwest Nazarene
UC Riverside Highlanders,32,Amaury McKinney,F,RS Fr.,6-6,
UC Riverside Highlanders,33,Aidan Rice,G,Jr.,6-3,Western Washington
UC Riverside Highlanders,35,Gavin Haase,G,RS Fr.,6-0,
Denver Pioneers,0,Charlie Dimmock,F,So.,6-9,Southern Idaho
Denver Pioneers,1,Shaun Wysocki,F,Jr.,6-7,Minnesota State - Moorhead
Denver Pioneers,2,Kam Martin,G,Jr.,6-4,Samford/Long Beach State
Denver Pioneers,3,Jordan Rogers,Wing,Jr.,6-6,NJIT
Denver Pioneers,4,Harry Bates,F,Sr.,6-9,Temple College/Central Maine
Denver Pioneers,5,Will Kirsch,G,Fr.,6-1,
Denver Pioneers,7,Jaelen Nelson,G,Jr.,6-4,Edward Waters
Denver Pioneers,8,Oskar Wickström Stümer,F,So.,6-8,Howard
Denver Pioneers,10,Logan Threatt,G,5th,6-3,Queens/Metro State
Denver Pioneers,11,CJ Hyland,G,Jr.,5-11,Western Carolina
Denver Pioneers,12,Spencer Mahoney,F,Sr.,6-8,Temple/Cal/Washington State
Denver Pioneers,20,Carson Johnson,G,Jr.,6-1,Minnesota State - Moorhead
Denver Pioneers,21,Baba Mbengue,C,Sr.,7-0,Kansas City/UTEP
Denver Pioneers,22,Trey Cady,G,So.,6-9,North Florida
San José State Spartans,0,Cade Krueger,G,Fr.,6-2,
San José State Spartans,1,Mookie Cook,F,RS Jr.,6-6,San Francisco
San José State Spartans,2,JaVaughn Hannah,G,RS Sr.,6-3,Western Michigan
San José State Spartans,6,Rokiem Green,G,Fr.,6-2,
San José State Spartans,7,Pasha Goodarzi,G,RS Jr.,6-3,
San José State Spartans,9,Luke Howard,F,RS Sr.,6-9,Simon Fraser
San José State Spartans,11,Mekhi Mason,G,Sr.,6-4,Wake Forest
San José State Spartans,12,Brayden Barrett,G,Fr.,6-5,
San José State Spartans,14,Oliver Kullamäe,G,Fr.,6-3,
San José State Spartans,15,KJ Martin Jr.,F,So.,6-8,Tulsa
San José State Spartans,20,Joey Chammaa,G,RS Jr.,5-11,Arkansas State
San José State Spartans,22,Robert Vaihola,F,RS Sr.,6-8,Minnesota
San José State Spartans,23,Zine Eddine Bedri,F,RS Sr.,6-10,Columbia
San José State Spartans,24,Moses Dau Nyangol,C,Fr.,7-0,
Fresno State Bulldogs,0,Rylan Parsley,F,Fr.,6-7,
Fresno State Bulldogs,1,Brian Amuneke,G,Jr.,6-6,Wichita State / Fresno State
Fresno State Bulldogs,4,Yeshua Kesse-Beda,F,Fr.,6-7,
Fresno State Bulldogs,5,Quentin Rhymes,G,R-Fr.,6-6,Nebraska
Fresno State Bulldogs,6,DJ Stickman,G,So.,6-2,
Fresno State Bulldogs,7,KJ Perry,G,R-So.,6-3,BYU / Citrus College
Fresno State Bulldogs,8,Anthony Granger,F,Fr.,6-8,
Fresno State Bulldogs,10,Roger Fabrega Urpina,G,Fr.,6-1,
Fresno State Bulldogs,11,Marko Vuckovic,C/F,Fr.,6-8,
Fresno State Bulldogs,28,Colin Schroeder,F,Fr.,6-8,
Fresno State Bulldogs,30,Ross Candelino,G,R-Sr.,6-5,Lipscomb / Wisconsin
Fresno State Bulldogs,35,Baye Fall,C,Sr.,6-11,Rutgers / Kansas State / Arkansas
Fresno State Bulldogs,42,Bradey Henige,F,Jr.,7-0,Cal Baptist
Fresno State Bulldogs,77,Dragos Lungu,G,R-Jr.,6-6,UT Martin / San Diego
Fresno State Bulldogs,80,Nathan Zulemie,G,So.,6-4,
San Diego Toreros,1,Chace Holley,G,Fr.,6-0,
San Diego Toreros,2,Davion Hill,G,R-Jr.,6-2,Northwest Florida State College / Ball State
San Diego Toreros,4,Dusty Stromer,G,Sr.,6-6,Gonzaga / Grand Canyon
San Diego Toreros,5,Brannon Martinsen,F,Fr.,6-6,
San Diego Toreros,6,Boden Grant,G,R-Fr.,6-4,
San Diego Toreros,7,Antonio Munoz,F,So.,6-6,Grambling State
San Diego Toreros,8,Jevon Hill,F,Gr.,6-9,South Dakota / Central Missouri
San Diego Toreros,10,Marqui Worthy Jr.,G,Sr.,6-4,UC Riverside
San Diego Toreros,11,Braylon Roman,G,Jr.,6-3,Northwest Florida State College
San Diego Toreros,14,Jose Roberto Tanchyn,F,Sr.,6-10,Lincoln (Mo.) / Palm Beach Atlantic / UMBC
San Diego Toreros,15,Caleb Versher,G,R-Fr.,6-3,
San Diego Toreros,21,Alejandro Aviles,F,So.,6-9,
San Diego Toreros,24,Terry McMorris,F,Jr.,6-6,Eastern Illinois
San Diego Toreros,25,Sekou Konneh,F,R-So.,6-9,DePaul / Milwaukee
San Diego Toreros,53,Nick Del Bosque,G,R-Jr.,6-0,
Portland State Vikings,0,Yaroslav Nikonov,G,Fr.,6-5,CSKA-2
Portland State Vikings,1,Dennis Johnson III,G,So.,6-3,Western Washington
Portland State Vikings,2,Luke Kearney,F,Sr.,6-7,Air Force/Utah State
Portland State Vikings,3,Koren Johnson,G,Sr.,6-1,Washington/Louisville/Ole Miss
Portland State Vikings,4,Nehemiah Pollard,G,Sr.,6-4,South Puget Sound CC/Western Washington
Portland State Vikings,5,Trevor Frank,G,Sr.,6-1,Dallas Baptist
Portland State Vikings,6,Francesco Corato,F,Fr.,6-8,Umana Reyer
Portland State Vikings,7,Charles Chukwu,F,Sr.,6-9,Tulsa/Garden City CC/Arkansas Little Rock
Portland State Vikings,8,Emil Skyttä,G,Sr.,6-5,Sacramento State/North Dakota State
Portland State Vikings,10,Colt Ness,G,So.,6-0,
Portland State Vikings,12,Alexandros Skliros,F,Fr.,6-8,Promitheas Patras BC
Portland State Vikings,17,KC Ibekwe,C,5th,6-11,Oregon State/Washington/Pacific (Calif.)
Portland State Vikings,22,Gantas Križanauskas,G,Fr.,6-4,
Portland State Vikings,23,Jaquay Randolph,F,Sr.,6-10,Southeastern/Southern Wesleyan
Portland State Vikings,24,Antonio Pusateri,F,Sr.,6-7,CC of San Francisco/Lubbock Christian
Portland State Vikings,32,Brayden Barron,F,So.,6-6,
UC Irvine Anteaters,0,Bryce Goldman,G,So.,6-6,
UC Irvine Anteaters,1,Torian Lee,G,Jr.,6-0,
UC Irvine Anteaters,2,Harrison Carrington,F,5th,6-7,Colorado
UC Irvine Anteaters,3,Elijah Chol,F,5th,7-0,
UC Irvine Anteaters,5,Ben Egbo,G,Sr.,6-4,
UC Irvine Anteaters,6,Tama Isaac,G,So.,6-2,
UC Irvine Anteaters,7,Josh Palmer,G,So.,6-4,
UC Irvine Anteaters,8,Luke Isaak,G,So.,6-3,
UC Irvine Anteaters,9,Jovan Jester Jr.,G,Jr.,6-3,
UC Irvine Anteaters,10,Josiah Johnson,G,Fr.,6-5,
UC Irvine Anteaters,11,Parker Spees,F,Fr.,6-9,
UC Irvine Anteaters,14,Dom Bentho,F,Fr.,6-9,
UC Irvine Anteaters,16,Nils Cooper,G,Sr.,6-6,UC Davis
UC Irvine Anteaters,21,Langston Redfield,G,5th,6-4,
UC Irvine Anteaters,22,Olivier Rioux,C,Jr.,7-9,Florida
UC Irvine Anteaters,23,Nes Emeneke,C,So.,6-10,
UC Irvine Anteaters,55,Mason Hodges,F,So.,6-7,
California Baptist Lancers,0,Jalen Dollar,G,Jr.,5-10,
California Baptist Lancers,1,Terry Coner Jr.,G,Sr.,6-0,Oklahoma Baptist
California Baptist Lancers,2,Brody Postorino,G,Fr.,6-0,
California Baptist Lancers,3,Steven Reynolds III,G,Fr.,6-5,
California Baptist Lancers,4,Daniel Hansen,G,Fr.,6-3,
California Baptist Lancers,6,Rene D'Amelio,F,So.,6-9,
California Baptist Lancers,7,Ethan Duncan,G,R-Sr.,6-0,Lipscomb
California Baptist Lancers,8,Justas Stonkus,G,R-So.,6-6,College of Charleston
California Baptist Lancers,10,Aleksa Milenkovic,F,Fr.,6-9,
California Baptist Lancers,11,Jordan Muller,G,So.,6-0,
California Baptist Lancers,12,Jonas Zilinskas,F,Fr.,6-9,
California Baptist Lancers,22,Anton Safin,F,Fr.,6-9,
California Baptist Lancers,24,Odartey Blankson,G,R-Fr.,6-7,
California Baptist Lancers,31,Nick Richart,F,R-Jr.,6-10,Charlotte
California Baptist Lancers,33,Marko Kovac,C,Fr.,7-0,
California Golden Bears,1,Jovani Ruff,G,R-Fr.,6-5,
California Golden Bears,2,Jordan Ross,G,Sr.,6-3,Saint Mary's/Georgia
California Golden Bears,3,Semetri (TT) Carr,G,So.,6-1,
California Golden Bears,6,Jorell Clark,G,R-Fr.,6-2,
California Golden Bears,8,Dominykas Daubaris,F/C,Fr.,6-10,
California Golden Bears,10,Nicolas Mitrovic,F/C,Fr.,7-0,
California Golden Bears,12,Dhiaukuei Manyiel Dut,F,R-Jr.,7-0,Georgia State
California Golden Bears,14,Amier Ali,G/F,Jr.,6-8,Arizona State/Mississippi State
California Golden Bears,15,Luke Butler,G,So.,6-4,
California Golden Bears,17,Mantas Kočanas,C,Jr.,6-11,Florida Atlantic
California Golden Bears,19,Dionycius (Nyce) Bakare,G/F,Fr.,6-5,
California Golden Bears,21,Jake Wilkins,F,So.,6-9,Georgia
California Golden Bears,23,Sammie Yeanay,F,Jr.,6-9,Grand Canyon
California Golden Bears,25,Nojus Indrusaitis,G,Jr.,6-5,Iowa State/Pitt
California Golden Bears,26,BJ Fisher,G,Jr.,6-1,
California Golden Bears,34,Lee Dort,F,Gr.,6-10,Vanderbilt
California Golden Bears,55,Michael Cooper,G,So.,6-3,Wright State
California Golden Bears,77,Gabriel Sularski,G,Fr.,6-6,
UCLA Bruins,0,Trent Perry,G,Jr.,6-4,
UCLA Bruins,1,Xavier Booker,F/C,Sr.,6-11,
UCLA Bruins,2,Javonte Floyd,C,Fr.,6-9,
UCLA Bruins,3,Eric Dailey Jr.,G/F,Sr.,6-8,
UCLA Bruins,4,Jaylen Petty,G,So.,6-1,
UCLA Bruins,5,Brandon Williams,G/F,Sr.,6-7,
UCLA Bruins,6,Gunārs Grīnvalds,G/F,Fr.,6-6,
UCLA Bruins,7,Joe Philon III,G/F,Fr.,6-8,
UCLA Bruins,8,Eric Freeny,G,Jr.,6-4,
UCLA Bruins,10,Markell Alston,G,So.,6-1,
UCLA Bruins,12,Sergej Macura,F,Jr.,6-9,
UCLA Bruins,17,Nikola Kusturica,G/F,Fr.,6-9,
UCLA Bruins,23,Azavier Robinson,G,So.,6-2,
UCLA Bruins,38,Filip Jović,F/C,So.,6-8,
Cal Poly Mustangs,00,Jason Scott,G,R-Fr.,6-4,
Cal Poly Mustangs,1,Jess Esso Essis,G,So.,6-10,ESSM Le Portel
Cal Poly Mustangs,2,Braden Freeman,F,R-Fr.,6-6,
Cal Poly Mustangs,3,Jake Davis,G,Sr.,6-4,West Valley College
Cal Poly Mustangs,4,Kieran Elliott,G,Sr.,6-6,West Texas A&M
Cal Poly Mustangs,5,Guzman Vasilic,G,Jr.,6-4,Southeastern Oklahoma
Cal Poly Mustangs,7,Ali Assran,F,So.,6-9,NBA Academy Africa
Cal Poly Mustangs,8,Jackson Mosley,G,Sr.,5-10,
Cal Poly Mustangs,10,Hamad Mousa,G/F,Jr.,6-8,Dayton
Cal Poly Mustangs,11,Austin Goode,F,So.,6-7,
Cal Poly Mustangs,12,Canon Wyatt,G,Fr.,5-11,
Cal Poly Mustangs,13,Troy Plumtree,F,So.,6-6,
Cal Poly Mustangs,14,Cayden Ward,G,Jr.,6-6,
Cal Poly Mustangs,15,"Aaron Price, Jr.",F,Sr.,6-8,
Cal Poly Mustangs,24,Anthony Moore,G,R-Fr.,6-5,Weber State
UC Santa Barbara Gauchos,00,Koat Keat Tong,F/C,Gr.,6-10,
UC Santa Barbara Gauchos,1,Miro Little,G,Sr.,6-4,Utah
UC Santa Barbara Gauchos,2,Luke Zuffelato,G,So.,6-5,
UC Santa Barbara Gauchos,3,CJ Shaw,G,So.,6-5,
UC Santa Barbara Gauchos,4,Marvin McGhee IV,G,Sr.,6-7,Cal State Bakersfield
UC Santa Barbara Gauchos,5,RJ Smith,G,Gr.,6-3,DePaul
UC Santa Barbara Gauchos,6,Jordan Charles,G,Fr.,6-0,
UC Santa Barbara Gauchos,7,Marco John Wuol,C,Fr.,6-11,IBAM Germany
UC Santa Barbara Gauchos,8,Viljami Vartiainen,G,Gr.,6-6,Weber State
UC Santa Barbara Gauchos,9,Eric Dibami,C,So.,6-10,Florida International
UC Santa Barbara Gauchos,10,Declan Duru Jr.,F,So.,6-8,Texas
UC Santa Barbara Gauchos,12,Antonio Chol,F,Gr.,6-9,New Mexico
UC Santa Barbara Gauchos,18,Isaac Shingange,G,R-Sr.,6-5,City College of San Francisco
UC Santa Barbara Gauchos,21,John Simcoe,F,So.,6-5,
UC Santa Barbara Gauchos,23,Michael Simcoe,F,So.,6-8,
UC Santa Barbara Gauchos,35,Bryce Bedgood,F,R-So.,6-11,
UC Santa Barbara Gauchos,40,Kyle Haughy,F,R-Sr.,6-6,Santa Barbara City College
Cal State Bakersfield Roadrunners,0,Snookey Wigington,G,5th,5-9,Ventura CC
Cal State Bakersfield Roadrunners,2,Kristian Payne,G,Fr.,6-6,
Cal State Bakersfield Roadrunners,3,Blake Dibble,G,Jr.,6-2,Hartnell College
Cal State Bakersfield Roadrunners,4,EJ Bryson,G,Sr.,6-4,Azusa Pacific
Cal State Bakersfield Roadrunners,5,Kjay Bradley,G,5th,6-1,San Diego
Cal State Bakersfield Roadrunners,7,Iliyan Pishtikov,G,So.,6-3,BC Balkan Botevgrad
Cal State Bakersfield Roadrunners,10,Chudi Dioramma,F,Sr.,6-10,Arkansas State
Cal State Bakersfield Roadrunners,12,Bryce Cofield,G,So.,6-7,Cal State Fullerton
Cal State Bakersfield Roadrunners,18,Pietro Iannuzzi,G,Fr.,6-6,Pallacanestro Trieste
Cal State Bakersfield Roadrunners,23,Cameron Barnes,F,Sr.,6-10,Illinois State
Cal State Bakersfield Roadrunners,25,Jaden Alexander,G/F,5th,6-4,New Mexico State
Cal State Bakersfield Roadrunners,27,Sean Pouedet,G,Jr.,6-2,Dayton
Cal State Bakersfield Roadrunners,30,Tom Koppens,F,Sr.,6-8,Melbourne United
Cal State Bakersfield Roadrunners,44,Petar Ivancic,F,Fr.,6-10,KK Cedevita Junior Zagreb
UC San Diego Tritons,0,Kayde Dotson,G,Jr.,6-1,Loyola Chicago
UC San Diego Tritons,1,Rahmir Barno,G,Sr.,6-0,Florida Gulf Coast
UC San Diego Tritons,2,Jordan Johnson,G,Jr.,6-3,Calhoun CC (Ala.)
UC San Diego Tritons,4,Cade Pendleton,F,Sr.,6-10,
UC San Diego Tritons,5,Camp Wagner,G/F,Sr.,6-6,Indiana State
UC San Diego Tritons,8,Leo Beath,F,Sr.,6-8,Lynn University
UC San Diego Tritons,9,Tom Beattie,G,Sr.,6-5,Hawai'i
UC San Diego Tritons,10,Alex Chaikin,G,Jr.,6-5,Lafayette
UC San Diego Tritons,11,Jasen Brooks,G,Jr.,6-0,
UC San Diego Tritons,13,Jaden Vance,F,So.,6-6,
UC San Diego Tritons,14,Jake Holmes,F,Fr.,6-8,
UC San Diego Tritons,20,Aidan Burke,G,Sr.,6-3,
UC San Diego Tritons,22,Yaqub Mir,G,Jr.,6-2,
UC San Diego Tritons,33,Dimitrije Vukicevic,C,So.,7-0,Washington State
UC San Diego Tritons,37,Olavi Suutela,F,So.,6-10,Oregon State
UC San Diego Tritons,52,Treysen Eaglestaff,G,Gr.,6-6,West Virginia
Sacramento State Hornets,0,Larry Hughes II,G,Sr.,6-5,CSUN
Sacramento State Hornets,1,Mikey Williams,G,Jr.,6-3,UCF
Sacramento State Hornets,2,Taj Glover,G,So.,6-3,South Florida
Sacramento State Hornets,3,Zach Anderson,G,Jr.,6-3,Scottsdale JC
Sacramento State Hornets,4,Mason Hunt,F,Jr.,6-7,Pima JC
Sacramento State Hornets,5,Giannis Asimakopoulos,F,So.,6-9,Colby JC
Sacramento State Hornets,7,Romari Robinson,G,So.,6-4,
Sacramento State Hornets,8,Chidi Nwigwe,G/F,Fr.,6-7,
Sacramento State Hornets,9,Melvin Stubbs Jr.,G,Fr.,6-5,
Sacramento State Hornets,10,Marcus Wilson,G,So.,6-3,UC Davis
Sacramento State Hornets,11,Ridvan Tutic,F/C,Sr.,6-11,Stonehill
Sacramento State Hornets,12,Osiris Grady,F,Sr.,6-9,UC Riverside
Sacramento State Hornets,22,Sasa Ciani,F,Sr.,6-10,Penn State
Sacramento State Hornets,23,Arman Madi,G,Jr.,6-6,Northern Arizona
Sacramento State Hornets,24,Ashton Pierce,G,Fr.,6-3,
Sacramento State Hornets,34,Joao Das Chagas,C,Jr.,6-10,UAB
Utah Valley Wolverines,0,Isaac Davis,F,Jr.,6-8,Utah State
Utah Valley Wolverines,1,Tanner Davis,G,So.,6-6,Utah Tech
Utah Valley Wolverines,2,Jordy Barnes,G,Jr.,6-3,Utah State
Utah Valley Wolverines,3,Dominick Nelson,G,5th,6-5,Polk State/Iowa State
Utah Valley Wolverines,4,Sherman Weatherspoon IV,G,Sr.,6-3,Frank Phillips College
Utah Valley Wolverines,5,Omar Mowafak,F,Fr.,6-8,
Utah Valley Wolverines,6,Deng Deng,F,Fr.,6-10,
Utah Valley Wolverines,7,Sebastian Muchitsch,G,Jr.,6-7,Barton CC
Utah Valley Wolverines,8,Modestas Babraitis,G,Sr.,6-4,
Utah Valley Wolverines,9,Braden Housley,G,Jr.,6-4,Utah State
Utah Valley Wolverines,10,Jovan Nekic,F,Fr.,6-10,
Utah Valley Wolverines,11,Tyler Weaver,F,So.,6-7,
Utah Valley Wolverines,12,Tyler Medaris,F,So.,6-8,
Utah Valley Wolverines,13,Jaxson Roberts,G,Fr.,6-2,
Utah Valley Wolverines,23,Isaac Hawkins,F,Sr.,6-10,College of Southern Idaho
Utah Valley Wolverines,24,AJ Dixon,G,Jr.,6-5,Western Illinois
Long Beach State Beach,0,Jaden Tengan,G,Sr.,6-0,Cal State Monterey Bay
Long Beach State Beach,3,Yohann Sissoko,G,So.,6-5,Florida Atlantic
Long Beach State Beach,4,McCaden Adams,G,Jr.,6-4,Snow CC
Long Beach State Beach,6,Henry Lau,F,R-Fr.,6-7,Pittsburgh
Long Beach State Beach,7,Jack Payne,G,Sr.,6-6,Idaho
Long Beach State Beach,8,Ethan Chung,G,Fr.,6-7,
Long Beach State Beach,9,JJ Chaikovsky,F,Jr.,6-7,CSUN
Long Beach State Beach,12,Kaleb Smith,F,Sr.,6-10,Grand Canyon
Long Beach State Beach,13,Noah Amenhauser,C,Sr.,7-2,
Long Beach State Beach,14,Brett Wright,F,Jr.,6-7,Trevecca Nazarene
Long Beach State Beach,23,Grgur Brcic,F,Sr.,6-10,Bucknell
Long Beach State Beach,24,Christian Jones,G,Jr.,6-4,Angelina CC
Long Beach State Beach,25,JJ Gray,G,Sr.,6-7,Oberlin
Long Beach State Beach,33,Max Vanlaningham,F,Fr.,6-10,
Long Beach State Beach,88,Blake Bahr,G,So.,6-2,Snow CC
Utah Tech Trailblazers,0,Petros Ragkos,G,Sr.,6-5,Panellinios B.C.
Utah Tech Trailblazers,1,Mark Brown Jr.,G,Sr.,6-0,Valparaiso / Snow College
Utah Tech Trailblazers,2,Christian Gibson,G,Fr.,6-5,
Utah Tech Trailblazers,3,Rex Sunderland,G,5th,6-5,Stonehill / New Hampshire
Utah Tech Trailblazers,4,Aris Rodriguez,G,Jr.,6-5,Barton CC (Kan.)
Utah Tech Trailblazers,5,Dallin Grant,F,Sr.,6-8,Utah State
Utah Tech Trailblazers,7,Jax Clark,F,Fr.,6-8,
Utah Tech Trailblazers,10,Alex Dupre,G,Jr.,6-5,Portland State
Utah Tech Trailblazers,12,Kyle Lemke,C,Jr.,6-8,Snow College
Utah Tech Trailblazers,14,Preston Vandermyde,G/F,Jr.,6-5,
Utah Tech Trailblazers,17,Aaron Bliss,F,Jr.,6-11,Snow College
Utah Tech Trailblazers,23,"Samuel ""Tobi"" Ariyibi",F,6th,6-8,Washington
Utah Tech Trailblazers,24,Owen Mackay,G,Fr.,6-5,
Utah Tech Trailblazers,33,Boston Harker,G,5th,6-4,Garden City CC (Kan.)
Utah Tech Trailblazers,35,Ethan Potter,F,5th,6-8,Utah Valley
